a,b,c,alpha,beta,gamma
6.3978934,7.8617916,7.754713,100.12584,114.192085,65.68166
5.1923223,6.692759,6.6899753,85.641426,81.64779,81.382996
5.0752773,5.1151085,7.924044,109.76943,78.26182,80.14996
5.919327,5.9129777,5.9049377,119.88881,89.716606,60.069046
5.25244,5.2595744,5.2616673,70.467804,60.401814,80.44671
4.266817,6.669582,8.266012,98.07179,89.28995,107.8447
5.893282,6.8103566,8.333347,107.92553,110.638756,89.940056
5.168738,5.094752,7.8296156,110.08358,102.97698,98.50346
5.46281,5.5276318,10.892589,91.75705,91.67764,118.34329
4.8071632,5.759621,8.400971,103.21941,90.00496,90.035835
3.0246346,12.547194,6.0251164,102.82076,89.97222,90.01686
5.504775,5.7303157,7.9862194,89.80295,89.89012,89.27278
5.193793,5.2362046,7.9875174,108.13991,89.292114,93.46978
5.237001,5.254547,7.253863,105.067566,108.90847,98.111916
5.402739,5.686336,7.610526,103.42623,106.50203,97.32936
5.53594,5.580624,7.362552,73.48855,72.06133,71.59998
5.564105,5.569965,7.2228208,104.08397,104.23013,105.66341
4.820589,5.7898293,7.9663925,86.412735,89.670044,88.71364
5.258204,5.378117,5.649431,89.83851,66.42014,89.7078
4.241457,4.2635307,7.679649,89.148506,89.597115,68.38104
5.480088,5.5646615,6.036589,90.15586,116.684235,91.791046
5.5384364,5.7999253,9.332137,107.43101,90.25807,64.587715
5.3751335,5.617439,8.44172,109.41056,108.54649,90.29095
3.982947,4.136958,9.214408,103.01971,90.02326,89.99567
7.512559,4.594554,5.9139686,93.73919,89.237236,89.29178
6.630959,6.63777,9.437664,77.85183,77.81578,61.41311
6.8867745,6.7666373,8.576438,74.15569,82.30195,60.707886
5.758041,5.8915033,7.0148697,100.44839,94.67159,106.52654
5.133697,5.4930286,7.4943676,95.49596,90.01665,90.10836
4.889133,5.5239425,8.149514,91.39413,93.525856,107.95166
5.874064,6.0326834,8.389434,90.13176,90.085625,90.06141
3.099302,6.620948,6.376321,61.409313,88.413994,113.52461
5.125761,5.380593,7.4680963,93.73765,90.073494,90.29188
5.9764075,5.976501,8.443598,90.22491,89.801094,89.79609
3.512775,8.8303175,9.1034565,104.053566,101.04142,90.2523
4.909249,5.610879,6.2504196,106.53278,87.18385,112.393
5.111877,5.1482224,7.814213,74.17476,74.873215,78.96813
7.354552,9.919434,7.791358,69.657684,76.52001,100.704865
6.605617,8.120346,12.407466,102.340004,93.425316,111.73382
6.0849276,6.221932,8.744038,90.489876,89.46254,89.85309
5.867935,6.008976,8.394801,90.09356,89.62854,90.01677
5.726483,5.7226377,9.707628,89.809456,89.71406,59.961792
5.529361,5.5764337,10.328572,75.46686,74.925674,60.66499
5.613328,5.6137605,5.6192455,60.43173,60.120533,60.249958
4.482205,4.999455,6.2356596,97.11235,68.988785,89.8957
3.86294,5.3197637,5.5488353,89.79358,86.537186,89.444916
5.170308,5.3903294,7.7694283,83.20306,109.09258,114.815994
4.892539,5.5602074,6.0890236,85.39406,111.613144,109.53713
3.052286,5.161781,6.5726814,105.1722,91.2797,93.300934
3.79989,3.9029765,19.090714,91.88877,90.385,117.49557
6.566065,6.6605496,6.691452,90.641045,90.29034,91.06092
6.3752384,8.670396,6.6373763,90.04295,61.200768,90.06653
6.04644,6.1042047,7.430152,113.16016,111.688896,89.40077
5.586398,5.629152,7.912972,90.1783,90.03815,90.27452
5.582956,5.5912433,7.3042,72.89204,72.08333,72.54314
5.229047,5.6491623,7.708653,109.09857,105.92805,94.84799
5.6537347,5.9037046,8.16793,90.54957,89.67399,90.08512
4.404268,4.4530783,17.8417,91.40573,95.01309,119.106384
5.11781,5.3496003,7.408883,86.70108,89.99569,89.97421
5.4836907,5.6388764,8.492376,110.53294,70.125175,92.86115
5.132664,5.3736663,7.3998737,86.50626,89.94115,89.984116
4.823846,7.118956,7.8484545,114.53854,86.44607,102.98889
4.965415,5.3289003,7.496265,83.283165,89.90515,89.27456
5.3066483,6.710338,6.705616,85.09008,77.2887,77.19529
4.11558,6.3726063,6.663677,92.26926,94.793434,95.331024
5.15323,5.244484,7.8399014,71.1348,71.88975,80.47309
5.441265,5.4481535,7.5591283,107.89254,107.79538,94.46916
5.221764,5.3614235,7.892587,105.694534,104.52692,101.6382
4.9717054,8.906261,5.4996796,106.9133,116.135826,90.200035
5.720363,5.766991,5.83805,91.96485,118.70171,118.40319
38.01661,22.299532,14.770931,12.268837,13.587207,9.062455
5.21172,5.365609,7.397216,106.77179,108.760345,97.87983
3.6960056,3.7108705,6.6993628,54.915894,57.12845,60.008003
4.180246,10.0500965,8.23644,67.024086,90.010544,89.98808
4.557733,5.4488325,7.5348244,86.291916,88.591934,87.89712
6.756325,8.086528,6.689099,127.27635,77.66623,109.625336
5.173041,5.4370565,7.5039225,93.92055,90.03583,90.04249
6.351152,6.351934,6.388293,87.833374,88.13097,88.1245
5.630883,7.763221,5.7219067,89.53859,86.78795,89.548584
5.841008,6.9918857,7.0468707,96.26632,74.24069,106.23575
5.8850193,6.0696554,8.465641,89.93206,89.72136,89.9543
5.262621,5.5732303,7.655027,94.59336,89.99991,90.013824
5.030558,5.7498813,5.789598,60.482513,74.37976,73.75431
5.891761,7.4361863,8.32527,103.75733,91.05771,91.582825
6.593715,7.345667,7.9926305,90.80943,93.52879,110.003006
4.2760134,7.900878,8.444921,115.2007,95.04883,92.133125
5.533554,5.879406,6.9784975,76.3103,73.18834,72.54601
3.7158618,3.6549785,7.6028757,104.172066,104.33663,89.986465
3.791689,4.3513947,5.5298405,110.99843,109.36716,90.92372
4.49578,7.3629065,9.973235,98.73279,101.30301,92.605995
4.699526,6.1778765,6.511962,96.63602,100.225525,106.85436
6.334034,6.338712,6.393136,99.46779,98.96779,99.623276
6.303771,6.3514867,6.4003696,100.45016,101.083145,99.81177
7.804406,5.523554,5.3930674,71.1085,106.980415,105.56887
5.449095,5.4622498,7.109446,72.60026,72.6139,72.17776
5.204303,7.5662766,7.739944,80.203804,77.94522,73.53076
5.29698,6.7065105,6.99528,112.07276,109.829124,85.41994
4.637602,4.7067213,6.0068455,68.02753,72.60413,61.15161
5.167998,5.2384295,7.8407435,72.01849,71.10451,80.0753
4.571762,5.743834,8.426967,76.07326,89.60108,84.52624
7.891269,10.069055,7.899454,91.19086,89.999245,89.31967
5.031172,5.1216807,7.737783,83.775696,71.32247,71.05198
5.10027,5.0985956,7.748131,71.24586,108.74524,100.17564
5.4130297,5.753878,9.559522,86.0932,74.45432,118.42311
5.6260166,5.6246576,8.265342,89.94821,90.044876,89.89673
5.723737,5.7332134,8.232386,89.97673,89.95441,88.897514
5.2417316,5.939,6.5067625,75.52026,95.680565,70.38763
5.395417,5.598003,7.727479,108.39463,108.84469,94.12203
5.3920174,6.776813,6.7885785,86.18257,75.73328,75.75191
4.7467985,4.749725,4.7491994,89.62412,89.34259,89.843445
6.555164,6.886999,8.476469,91.52932,90.04318,96.19121
7.340541,7.3883014,7.872295,76.19763,75.10464,79.21042
5.0385084,5.4797688,5.627228,60.901478,87.36408,57.036808
5.242938,5.608352,7.679897,95.30269,90.074554,90.07808
5.6404715,11.241748,9.938071,27.844484,50.350727,55.657692
5.543158,7.039293,10.122405,89.05596,105.77204,94.7528
5.408781,6.4593825,6.9816365,76.718765,89.68564,89.91292
6.393783,6.4341764,6.6081815,99.80219,98.45709,99.607506
4.719153,5.6947203,7.905283,87.35847,88.532036,88.277824
7.393973,9.152389,9.23941,108.32204,97.23686,105.53486
5.939981,6.5006714,6.940092,73.47456,77.852455,71.098175
7.743604,8.000429,10.648335,85.19107,109.69826,118.68423
4.612023,4.6182303,4.6337824,88.501755,89.468704,89.84843
5.861458,5.9064507,5.812076,119.16599,60.473827,120.76672
4.705573,5.633776,7.7632837,86.00599,89.29604,89.147026
5.382614,5.39177,13.374166,90.417015,89.1677,119.07297
6.000252,6.0043416,10.38782,73.283646,73.21563,60.0271
4.92662,7.0554476,7.150156,114.06212,104.07313,102.22579
5.739641,5.7459817,9.436771,97.50525,95.16078,118.4195
5.0882,5.466958,7.4755783,95.672226,90.04824,90.00269
5.028564,5.2654333,7.4447637,108.861275,99.67487,102.50923
4.662841,5.6155376,7.8008213,86.21893,88.686905,88.47852
3.379511,8.019238,8.441769,81.49184,78.54605,77.96323
5.2022586,5.4628596,7.8367286,104.80175,102.88895,103.748344
5.848415,5.7849207,5.8479476,120.325714,89.551865,59.976402
9.5267,3.6389635,5.905147,90.61382,149.8557,89.11367
3.0390043,11.094248,5.0567703,76.92896,92.27977,81.570526
6.221374,6.3315377,6.4375443,100.10703,102.67223,98.724686
5.503479,10.995996,9.743316,27.531786,50.510162,56.180344
5.439897,5.838617,6.9793353,103.190346,103.62794,92.78116
5.474497,5.4965897,10.435283,89.20385,89.3992,60.45502
5.8701406,6.348074,5.873287,117.49296,89.999756,117.65252
5.5310636,5.6885085,7.8604665,89.87341,89.93222,89.92974
8.171544,8.570278,9.985084,89.61958,113.03358,108.553925
3.755022,7.591638,8.877341,95.03394,94.088005,102.73573
5.3418865,5.360223,13.265051,90.58273,88.99692,119.134766
5.4909687,5.542742,5.5494437,89.77763,120.72081,119.41186
4.593612,5.390132,5.373435,101.32334,101.028824,101.001335
5.122934,5.5408344,5.686656,114.91774,115.50562,90.02036
4.852891,5.97111,7.705947,105.297516,90.102844,89.99238
6.1548276,6.2289305,8.750931,90.1936,89.721405,89.94936
3.628018,5.193281,5.8574376,65.727264,88.29246,87.5292
3.650004,5.0721993,8.794358,92.74676,101.57161,92.81175
5.237502,5.5902476,7.6711955,84.81913,89.936676,89.93622
5.170431,5.4362345,10.127108,90.305725,97.373184,104.3231
4.89384,6.7893124,5.1383543,106.96064,113.44575,86.508255
4.75274,5.599104,7.7778463,84.98137,89.13495,87.14415
5.167416,5.2877345,7.255495,107.10389,108.75991,98.38948
5.157636,7.80631,5.36321,82.72137,65.52547,71.91031
4.8613276,5.4500484,5.455518,105.33286,97.343704,97.46138
2.9462097,3.0488617,14.528996,89.918846,88.08411,58.819202
5.755633,5.7834272,5.7544622,60.399666,60.599506,60.037064
5.749596,5.907168,6.3019567,100.49298,100.761444,97.6297
3.9658809,3.9984648,11.072667,79.529335,79.91522,89.90874
7.577203,7.8346505,8.125214,94.50719,93.6038,101.10452
4.15349,4.72067,5.49289,92.61219,90.443985,114.993256
5.9471865,5.999236,8.467358,90.426704,89.48785,89.90837
5.605784,5.6188,7.370121,71.87204,71.90182,71.59611
5.087242,5.1270323,7.633019,83.18407,71.54019,70.74418
5.385255,5.740885,7.2332683,78.61288,74.908875,74.85619
5.637429,5.651707,8.633043,71.51356,71.50871,80.27803
5.9666314,5.9578185,8.459545,89.7117,89.94812,90.68288
6.7672586,7.1250706,9.826855,111.15035,100.55543,90.13701
5.7427144,5.7587576,8.010466,90.1735,90.16204,90.10963
3.03898,7.3744164,7.3898153,87.51746,78.37023,78.19834
6.267451,6.573249,7.5247116,87.24963,88.87849,80.91468
4.981623,5.659174,6.218158,85.71966,68.333115,70.89452
4.4572234,5.0168023,6.7436304,90.00762,88.99907,90.04569
4.794192,5.7488937,7.9076576,84.66725,87.05711,84.78686
5.056347,5.339804,6.4303703,89.72223,89.556854,89.38062
6.486707,7.78823,8.082952,93.40809,106.13207,109.94213
5.780169,6.1185465,6.1622167,98.59381,98.494514,97.57976
5.917213,6.8652987,6.8291755,96.37503,74.57969,105.46718
7.757747,9.763539,9.805304,107.58243,97.02435,105.00433
6.4134245,6.93364,9.255987,110.19962,91.14823,115.86571
6.077195,6.097114,6.085604,119.49612,90.45952,119.69626
5.563752,5.7645698,8.813285,83.07431,73.02048,65.75509
6.02875,6.0339494,8.51936,90.26578,89.72012,89.85383
10.866004,11.730992,5.9984694,66.76513,82.55728,30.466366
6.359865,6.3822985,6.387807,90.94662,90.96466,90.75106
5.01866,5.8920546,6.6035213,103.49888,97.42711,106.84673
4.837792,5.844576,8.112514,87.61952,89.513466,89.592705
5.213685,6.977569,8.634501,99.088104,90.0258,90.62654
6.304372,7.6753097,7.6878777,64.03365,66.56184,66.63608
6.2251673,6.2063985,7.557444,67.036156,65.727196,90.698265
7.062933,7.100194,7.128099,92.59676,91.052864,100.62583
5.746687,5.6632295,9.854437,73.29002,105.36799,119.51406
2.92019,3.2100804,21.848297,89.83193,90.131805,117.075905
5.264705,5.512507,7.8919845,103.60675,104.37367,104.07606
5.287383,5.2963934,5.3094773,89.89145,89.91421,89.96132
5.2415605,5.2007895,13.103117,90.74865,88.81116,117.9177
5.870737,7.330319,12.444767,87.7722,82.73998,78.70294
6.521029,6.7362976,6.7669964,85.136086,72.924286,74.738014
4.127125,5.7846546,9.210809,71.893906,89.43067,89.65033
4.309147,4.3111115,4.313221,89.79987,89.5255,89.92995
5.092741,5.138845,7.637202,103.131676,108.500984,99.86973
5.615039,5.7932796,8.044499,89.978714,89.65385,89.6137
2.8954,5.0685267,7.6731157,107.923904,100.61546,89.75342
5.041663,6.1361423,7.3501806,106.489685,86.64465,109.20141
6.964438,7.542834,10.119513,109.93079,91.125404,115.97433
5.451758,5.5313444,5.668422,90.546814,117.63633,116.23419
7.4048777,8.029373,10.846981,109.59693,90.81411,116.23282
5.175576,7.6341095,5.599153,94.842224,90.26564,90.525826
5.694721,5.993315,6.7500267,107.4426,103.53065,87.84688
5.133037,5.638323,6.538209,89.92954,89.58439,89.96705
4.858116,4.8653545,13.460038,90.17323,89.97266,119.912476
4.732359,7.059714,7.877666,67.34222,75.086655,81.1909
5.617882,5.6174827,7.1107087,73.53312,73.502945,76.08437
4.901262,6.5285,7.096817,113.14487,96.523834,103.844055
5.054441,5.77226,5.9147983,60.858303,74.20783,73.420265
4.251517,6.6095,8.186218,97.8749,89.02291,107.795494
5.3268104,5.6270266,5.2017045,117.73802,58.949436,117.90166
6.988988,8.009858,8.108623,76.658485,78.387764,79.45205
5.798755,6.9366474,7.0320787,80.78059,79.0479,80.8064
5.279701,6.305343,6.905407,107.61089,96.48226,107.23585
5.834888,5.8767815,5.9729447,89.40059,117.56779,106.00198
7.714333,9.686865,9.7963705,107.39894,97.10172,104.80008
10.361009,8.622455,6.076727,133.19046,147.95734,35.386395
5.278615,5.378113,9.045213,74.41648,90.07252,61.20814
5.081466,6.6779766,6.860986,108.635605,105.74208,96.67448
6.314052,7.622459,7.683842,94.186035,113.69549,92.182434
4.7607083,8.054168,5.9208145,106.40013,61.56045,92.507225
4.750859,6.7032347,6.7129564,89.83824,89.71492,89.6879
5.445498,5.4490147,7.098394,72.81664,72.74781,72.28405
5.913884,7.1014447,7.1062036,107.15152,109.093376,101.5157
3.8145409,10.369205,5.5346537,105.43159,89.96574,79.376976
5.440655,5.595911,7.770756,89.88746,89.95951,89.2432
4.750711,5.7056947,7.8968954,86.742485,89.60356,89.52909
5.0440445,5.06223,7.5506983,107.226425,104.00352,100.02902
5.577697,5.605018,7.764071,107.25917,109.94944,89.86168
4.356171,5.168177,9.03767,103.04378,88.30909,105.688416
5.727661,5.769619,5.752963,60.44429,60.1799,89.565125
4.963821,5.6739674,7.536546,74.36151,74.22585,64.76762
2.892428,7.721314,5.095261,76.57419,73.715416,79.3287
5.390459,7.2492867,7.251903,119.9581,90.118,90.04025
5.230157,5.618475,7.6787252,84.3476,89.97481,89.954384
5.499195,5.656961,7.8855133,89.87482,89.76131,89.87755
6.7980065,6.9028873,7.518175,62.88929,105.71845,89.23021
5.021443,5.085318,7.926432,74.94057,73.60722,81.99385
3.750075,5.934176,6.111724,76.77889,88.36961,88.677826
5.989861,5.998954,6.031124,98.69825,99.104004,98.84908
4.4944158,4.497062,4.4981236,89.893036,89.75995,89.94808
6.010632,6.008379,5.9731445,60.201317,60.165302,59.707363
5.524497,5.800794,5.5281205,85.55958,116.60675,85.83967
5.94577,6.0561366,8.822302,72.88849,80.00184,68.154396
4.439023,4.534751,7.1735706,88.84047,89.765366,89.75089
5.2495356,5.3488526,5.1852636,90.23008,119.42559,60.809906
4.737184,4.8721113,5.8449597,88.53242,84.99393,80.95959
5.307475,5.3182206,10.295984,95.55993,94.66061,119.82596
4.8206787,6.739037,5.840982,90.03593,89.39034,90.962906
5.714252,5.7489085,5.778659,89.64908,119.251335,119.39776
5.945623,5.953951,10.315848,73.97259,74.006615,60.68125
5.856572,5.908221,8.548741,69.96989,70.147064,73.47896
3.6940768,8.421251,10.2884245,85.76164,79.668335,77.32308
5.671784,5.819244,7.5447392,104.12939,102.02406,107.20266
5.032412,5.737294,5.8313193,60.657364,106.02603,106.48993
4.962775,6.4453893,6.9920774,110.71938,95.784966,105.69767
5.223178,5.488192,7.5892296,94.067215,90.09769,90.133675
5.2027264,6.1130834,6.1596293,59.95816,90.154045,90.16548
8.068273,8.468753,9.460529,99.36274,108.24239,108.65117
4.912116,5.9323425,8.2557745,87.86923,89.04294,89.06509
5.0512056,5.4983253,5.0405297,118.06657,119.575195,62.62752
7.555326,4.6050987,5.96593,87.40047,88.72254,90.88274
4.689698,5.622893,7.7621274,93.753746,90.00482,90.00102
4.9257326,4.923275,8.575771,72.11536,73.78976,58.692444
4.727443,6.81507,7.880313,91.59908,92.8472,105.302025
5.0844617,5.231914,7.6318502,110.017166,102.809135,97.63338
3.9750063,16.77793,6.9183784,102.16072,89.90691,96.668396
6.017291,6.2387667,8.839655,71.26674,84.61224,85.56689
5.19727,5.3815093,7.494916,92.97707,90.244095,90.02242
4.978178,7.146979,7.925139,113.88104,86.960014,102.45079
6.0196404,7.5157557,8.180907,105.449875,94.58114,112.85498
5.787424,5.8242054,5.903826,119.998024,119.600555,61.21008
6.01625,6.103812,8.5974655,90.089165,89.695885,90.10448
6.512273,6.4926972,6.923275,73.38822,76.37591,104.051796
4.692518,5.6991663,7.8413525,91.466774,90.33303,90.36614
4.24826,4.34091,7.2550917,90.30018,106.056274,118.47459
5.372043,5.4033146,10.279049,94.52254,95.77405,119.773674
5.038595,5.3609977,7.404468,95.53835,90.469635,90.56921
5.129042,6.351256,7.372569,101.74393,89.183495,104.38256
4.648597,6.15622,7.9739766,105.07463,97.14285,105.935196
5.2487187,7.1848574,7.7958875,63.338577,79.223465,84.47168
6.371218,6.4192166,6.4525065,89.83255,89.60939,89.93765
5.563524,5.781698,6.6339602,89.91364,103.13227,108.59465
3.9367063,8.707122,7.836774,63.331432,89.98147,90.07172
5.503217,5.1181045,11.530311,90.04021,89.917274,90.079384
5.817477,5.7514663,8.120809,96.32344,110.44537,108.87018
5.645573,5.6619396,8.039588,89.46093,89.74177,88.83932
5.2576475,5.212199,5.5263715,90.14609,117.46743,119.233604
5.174113,7.3015347,8.134955,90.93953,97.22152,91.967964
4.928065,7.1160703,7.5852094,109.53441,97.98032,110.09589
5.517906,6.2288632,8.070519,95.29923,91.94102,95.98252
4.507185,5.3990335,7.4473033,86.15776,89.46281,89.1256
5.913111,6.067268,8.480647,90.08695,90.544106,89.94841
5.617765,5.570731,5.9241076,89.400116,63.160664,62.085365
5.6773634,5.866121,5.703151,118.59296,60.926826,89.30776
5.149827,5.4275966,7.0890856,106.60495,107.95945,100.195984
5.466324,7.050475,7.0995846,109.76391,107.662254,96.835655
5.958236,6.0108995,8.480604,90.18308,90.27668,90.206566
4.7154517,5.603886,7.47226,74.886536,87.66742,88.36873
5.554103,5.6222663,7.311708,104.09965,103.886795,105.78673
6.48604,6.438575,6.421474,83.24273,83.31143,82.828514
5.867392,5.9334097,10.1743145,106.61679,90.01994,119.6386
5.030693,5.312441,7.349629,93.64262,90.061844,90.035904
6.454785,6.47741,9.690834,71.96098,79.93157,66.851875
5.262245,6.2835126,5.648449,93.706696,91.35139,92.527534
5.272201,5.3677683,10.0550785,95.358795,100.39342,118.9115
4.987259,7.2837405,8.008666,113.65292,87.0096,102.97836
5.3221965,7.7646036,5.651115,94.75778,90.02633,89.9668
3.764327,6.425819,7.707228,67.62006,80.11105,75.398415
5.078101,5.1084,9.008085,76.52114,76.00819,62.189392
3.65804,5.0133324,5.961442,87.2867,84.36885,79.39755
5.2341657,5.6229663,9.250534,85.83162,73.91073,118.287125
5.796924,6.4804645,6.7482543,105.076645,89.986534,116.43071
5.527754,7.1048303,6.768142,96.408394,71.57788,101.85575
5.798063,7.758864,9.257856,113.64211,106.90686,90.18652
5.20824,5.508543,7.640538,94.677055,90.22795,90.008995
5.026757,5.8142824,6.5350842,103.59337,97.58287,107.32698
9.128027,7.3165507,7.312919,75.4895,111.71785,128.61157
6.443909,7.4781027,8.617149,75.426735,68.233444,84.292076
6.111108,6.1706123,8.667199,90.22637,90.425766,89.96346
5.812911,5.955872,6.2254257,99.74573,100.088554,98.835686
6.379966,6.583133,6.5922084,93.22436,106.800964,106.137314
4.048713,5.7226934,14.304885,89.98723,90.033195,110.75517
5.677287,7.43757,8.23473,91.0253,91.142845,98.06769
5.356366,5.4339795,5.8387933,90.84355,115.954346,119.46456
5.92415,5.9768596,8.146075,68.675705,70.247055,72.601875
5.0891585,5.4848714,7.6910615,103.58144,104.3958,99.42515
5.174597,6.8547554,8.459316,68.92983,87.72572,87.89461
5.722052,5.7743893,8.806122,71.71955,86.363335,86.52153
5.535759,5.504559,8.000709,99.19431,105.9677,110.34992
2.8550935,5.0468335,12.462522,79.344826,96.595024,106.491486
6.155834,6.1567163,9.344546,84.43261,109.20623,111.468994
7.723627,9.731142,9.762453,107.423615,97.017715,104.89316
4.990576,5.3771176,5.4257994,114.939804,116.11797,89.823715
3.5217917,8.782681,6.088136,96.12672,90.44532,77.732216
4.8532457,4.8542285,13.412923,89.9949,90.335464,60.013824
6.913354,7.5458364,10.267204,108.54983,91.04258,116.20381
5.709,5.7923355,5.929242,119.143394,91.11697,59.508385
5.252769,5.3840404,7.519612,88.117195,89.99286,89.983215
6.0761657,6.121073,8.592555,90.26921,90.8677,90.244675
4.64541,5.6290216,7.8112307,87.046394,89.13444,89.14426
5.0313635,9.640047,5.0307617,74.70665,119.57988,105.02786
4.690495,4.7594967,8.890109,74.6201,90.014244,89.999344
5.6444674,6.9121284,6.9181,103.89194,72.623795,107.3628
5.4495683,5.722868,9.557335,85.78956,71.93454,117.61621
6.61185,8.530419,10.361001,85.562126,75.99568,83.862595
7.460698,7.737675,7.8735437,107.04642,104.4418,92.98466
5.478749,7.0253286,7.5274587,65.49772,70.32552,73.17287
5.512826,5.6018314,7.8459744,89.89688,89.952866,89.83395
5.2299,5.43844,5.2644734,118.78967,119.244415,90.871445
4.863057,5.9844327,8.777136,104.21348,95.92559,94.39695
5.13805,5.78183,6.5829043,109.97059,87.368034,112.413
5.032787,6.680058,7.8426876,86.131935,79.76811,78.66981
6.009257,6.0740666,8.585056,90.44743,90.69125,90.15772
5.610572,5.6213593,7.948237,89.97999,89.9221,89.2762
4.772341,4.915839,5.04052,94.566536,92.35239,91.168915
2.8168569,2.8468044,19.272614,95.70029,91.00479,61.444317
5.100627,5.110778,5.8782663,90.10518,106.67187,99.52521
3.6059954,5.1912456,6.1606584,79.13632,84.95054,77.60583
5.399787,5.9202976,10.779048,90.57691,93.60527,93.71774
2.906382,7.77029,8.28969,105.28852,90.25319,98.577324
3.50558,5.766148,6.12708,116.5945,106.332016,90.61491
5.201433,5.642523,6.334197,106.39979,111.32368,90.43289
5.643133,5.674013,7.964406,89.56945,89.908745,89.948044
7.022885,7.3548355,7.6947794,74.4297,68.549835,64.293976
5.1704235,6.1148014,6.923728,104.76177,98.73179,106.17568
3.0619295,5.1762867,5.210612,72.84819,90.61705,90.02441
5.534332,5.537887,6.755911,114.15269,114.01109,90.03315
4.4539914,7.404755,8.513354,89.92591,104.528534,89.940796
3.2047036,5.257819,6.084006,108.62693,95.234535,84.9034
5.363564,5.449728,6.7964153,99.00871,101.07284,105.51297
5.9364023,5.955657,8.475216,90.11891,89.855156,89.216576
4.762949,5.997147,6.0232043,81.66166,112.73048,112.89505
4.439126,7.2522683,9.287069,68.31695,80.75705,82.762276
6.863616,8.716836,9.236116,99.19767,88.93387,105.240814
5.030217,6.734052,7.992288,100.936806,104.73406,101.40113
6.100476,6.2186894,8.707701,90.07249,89.92704,89.80697
4.794948,6.389647,8.708957,87.82359,74.76322,82.87879
4.012235,7.8333015,12.437822,142.303,89.29286,75.761696
6.556613,6.7230554,7.8329067,101.40821,97.13224,105.83945
5.682513,5.69121,5.7139087,91.12209,119.72169,117.602425
8.49844,7.027066,7.0428324,77.92042,110.81898,127.50488
5.083201,5.099813,7.7150927,70.97137,71.49269,81.26228
4.735367,5.640683,7.7589,85.332016,87.26086,86.31387
3.9750578,3.9852688,6.0322165,108.84716,109.36279,89.96543
5.327577,5.35313,5.502189,89.663315,80.97963,89.41208
5.04625,5.10061,7.6849837,82.66033,72.95011,71.17761
5.599996,6.7909665,8.579825,103.4116,108.750374,89.28382
5.6233325,5.65114,7.9577003,90.09617,90.03985,90.102936
6.707576,6.7460036,6.802005,90.02209,90.008934,90.250374
5.408079,9.357957,5.7335997,72.59211,63.069767,89.12548
5.558353,9.401833,5.5478024,90.11986,60.68548,72.89826
4.657244,5.6205873,7.8113065,86.320274,88.842766,89.009926
6.61461,6.6239996,9.870305,71.88506,80.094406,66.97889
4.873005,5.7134047,6.869849,105.75912,87.083336,110.17398
6.445448,6.727588,12.163126,95.125175,98.512344,105.58815
6.7065883,8.339863,6.7156386,128.43123,77.1609,110.9404
7.239101,7.362065,8.41345,90.43234,115.29189,119.400024
6.903723,6.9725976,8.561885,88.800186,112.39407,112.387955
5.148354,6.121724,6.234703,108.80063,91.710556,113.449196
6.424534,6.580361,6.729564,74.47614,61.568768,60.884884
4.728833,5.592312,7.728807,84.65772,87.09152,86.41116
6.274436,6.296431,6.36884,99.71582,99.26143,99.237404
4.976051,6.624835,8.154063,68.5256,88.381516,88.40126
6.204999,8.264016,8.347273,77.93623,81.163795,82.549934
5.032249,5.333964,6.6399913,90.51656,90.09538,90.66008
5.951659,5.991001,5.964934,60.852734,60.087418,90.10491
6.637803,6.6798306,6.6809044,100.30294,100.65863,99.85432
7.06244,7.4860272,9.54045,67.34804,77.48155,74.841896
6.233182,6.2270546,6.191773,90.94439,118.95182,119.23054
4.894851,6.9491796,8.399102,104.09875,96.99605,92.98102
5.851595,6.0386963,6.0987363,100.22656,99.97609,98.773865
6.2899,6.5972314,7.3638153,77.36592,80.016365,75.91354
4.030139,6.8503942,14.460902,99.33076,91.75097,106.77883
5.109637,5.138084,7.731167,71.287254,71.20238,80.59404
4.546964,5.4533463,7.536522,86.42265,89.95482,89.89017
4.805389,5.7493052,7.9740624,87.10451,87.600784,88.53261
5.686261,6.5227985,7.3560586,65.48244,70.50012,75.772385
6.0334954,5.96735,8.130415,93.49417,111.755394,80.34768
4.946355,6.0907764,6.211721,119.33665,109.11648,89.75315
5.134602,5.1805167,7.813928,108.43908,101.82195,101.38363
5.756773,5.865931,6.350306,115.34823,89.16912,94.11513
4.968564,5.818965,5.8852677,60.00455,74.38632,73.39405
5.520134,5.562972,7.155219,99.11236,88.08036,104.58758
4.975975,5.103289,5.4328537,62.24145,63.85921,60.878784
6.044536,6.509275,7.7445855,109.8295,96.47425,109.87011
5.978548,6.0595717,8.541729,90.18044,89.77953,90.06602
4.720373,4.731781,4.859761,101.855644,93.830986,90.370636
5.1635823,5.4470515,5.1300907,87.03628,58.104244,63.008366
5.087762,5.3538537,7.387864,86.160515,89.91812,89.89527
5.989829,6.7205844,7.613445,75.20482,74.048294,74.61763
5.063586,5.143786,5.2356267,83.50682,78.6718,76.37593
8.7480755,7.7864203,7.7295117,75.916466,101.45845,125.24484
4.332699,5.0749288,9.59739,92.34836,90.011604,115.15653
4.538843,6.9810023,13.285048,89.73047,89.94926,89.888695
6.276682,6.671967,6.802228,61.09447,89.90165,89.79849
6.355858,6.4567866,9.356251,72.25976,80.08096,67.72073
7.393932,8.748771,9.517054,103.459694,103.15644,107.331535
4.794911,5.835362,7.471706,100.63366,94.89088,101.09917
5.4043903,7.326381,5.149897,108.78035,97.88416,106.55803
6.366895,7.7594614,11.875925,77.63501,74.44955,65.77293
5.035039,5.5285406,6.2265615,89.42983,89.791016,89.178345
5.8503933,5.996542,8.385013,90.17825,90.48284,90.010254
5.149207,5.5603967,6.5302806,89.766266,89.30961,89.8736
5.204161,5.8524494,6.821141,109.060234,107.93427,91.2879
5.848957,5.854658,9.236225,107.932,93.522156,91.301895
8.200008,8.425762,9.303831,96.90622,108.62479,110.10631
3.146884,6.206593,9.247625,104.26642,90.605415,92.32611
5.229685,5.647233,7.6680093,95.61978,90.02213,90.21311
5.300838,5.8424735,7.9575386,106.05173,107.5136,97.68609
4.246318,6.255837,14.205833,93.779274,97.97564,90.80481
3.2129815,12.661317,5.2566752,83.93258,84.97068,92.90187
5.033307,5.410543,7.379517,94.94708,90.936104,90.97716
5.56927,5.8899274,7.768046,110.49499,96.151146,105.98283
4.1113267,6.706865,9.985386,89.908,89.74141,90.026665
5.019276,9.150567,4.9950833,90.62715,111.11507,92.21972
5.201556,6.7343974,8.208412,69.97317,88.44026,88.92805
3.7594225,5.679103,7.212998,90.54085,102.54435,91.00768
3.8754528,3.8971686,15.373474,89.958534,90.04076,89.56967
5.9042153,6.736375,6.7375903,96.258644,75.24547,104.74409
4.10518,4.109192,11.041095,98.0168,90.63677,90.00753
3.093027,6.4870687,7.902649,89.29251,95.51634,103.19977
5.292168,5.4995165,9.330487,88.817276,89.92568,88.90873
6.756104,6.7908826,6.767694,109.85035,109.30558,108.82538
6.233509,6.2272544,6.233868,71.73026,109.72398,69.458755
5.719203,5.72338,7.2956276,113.044846,112.83428,89.96446
5.224601,5.252813,8.090359,85.51635,106.53366,119.66134
7.410215,9.164334,9.25713,108.98048,97.38555,106.106064
5.157782,5.4175425,6.8569613,110.10658,87.29606,112.306244
3.865805,3.902506,16.036987,88.98069,89.44168,89.509315
3.160271,6.217558,9.313159,104.57986,90.59518,91.88678
5.2237372,5.9070883,5.8956714,120.81173,90.20567,90.06905
5.338553,4.8011165,4.789903,76.08055,65.112495,65.07395
4.6236763,5.7400575,8.107421,76.29225,89.18376,113.18838
5.203931,5.2631435,7.9577913,70.77057,70.96197,80.585754
4.978049,6.592342,8.695739,84.86998,89.19319,89.3275
5.9823165,5.970965,6.0054145,59.702946,59.651783,60.829662
5.135762,6.0723896,6.126129,108.84668,91.61964,113.99155
4.845219,7.8061786,8.199988,65.494865,85.48303,79.30541
4.7759175,5.7432823,9.955673,89.74006,90.033455,89.6509
5.228432,6.0433545,6.769757,77.1821,75.01533,73.21759
4.798142,4.8914084,8.382291,79.91525,75.80806,62.781517
6.38271,6.4082036,6.5322413,97.675865,99.304924,100.63976
5.184663,6.490416,8.932245,102.85799,90.699974,112.6385
5.232395,5.389002,6.143099,88.55392,89.8554,89.65985
5.118099,5.505883,9.069724,85.10584,73.71138,117.76526
5.185398,5.351482,7.406017,92.770546,90.24243,90.56386
8.054201,6.393871,7.873332,97.145355,104.57194,89.9796
7.408304,8.700037,8.802842,64.190865,76.73453,67.88175
4.856436,5.2444553,4.9720244,63.539803,117.7024,91.07213
4.0675,5.45938,5.9437103,92.11359,95.1126,90.52818
4.727116,5.605083,7.7526417,94.4035,89.90831,91.43536
5.2314863,5.2330403,5.5675626,89.40011,62.612076,119.86795
5.0643067,5.1513777,12.5620775,90.79036,88.63305,119.400566
5.784305,6.239579,10.19739,79.858765,73.96718,62.53241
5.065939,5.888528,6.608056,103.239716,97.78098,106.26082
5.945224,6.0142055,5.9873295,59.998814,90.10557,119.6949
4.782849,4.938806,5.870797,90.077576,94.61581,92.18327
4.925128,7.121776,7.585176,109.68122,98.07989,110.1628
5.840962,10.114542,5.8658686,73.704735,119.593796,106.658424
7.8538733,7.858356,10.204748,89.26431,91.28776,90.0055
6.843074,6.8654594,6.8701644,93.49193,90.48763,93.87402
4.914794,5.010482,5.695985,106.919495,89.68937,99.87637
5.0920095,6.271596,5.036239,89.81763,112.839966,90.95234
5.308006,5.343624,7.379587,107.08996,108.191444,94.68883
4.779665,5.27823,6.595847,67.80509,80.01809,83.17015
5.111073,5.5451927,6.493341,89.92432,89.95395,89.86807
3.457927,6.0388155,6.446841,116.31677,104.41555,90.62449
5.077626,6.402456,6.437666,108.75107,105.61305,99.45847
5.593116,5.5936766,8.0048,90.035835,90.04115,90.387054
5.6540666,5.7426453,6.4446497,104.56176,77.43642,89.67676
4.712346,5.5431013,7.725855,84.157074,85.26385,85.06805
6.69375,6.7019444,10.013408,79.74418,71.53293,67.54396
5.71588,5.7911596,7.1526127,74.27945,73.87602,76.216324
5.200312,5.3132677,7.582224,88.29888,89.58455,88.31674
3.061682,6.051896,8.101638,89.31155,89.074455,94.89096
5.0952053,5.7858553,7.060144,71.10063,90.02344,63.896698
5.436634,5.475908,10.193789,75.50355,75.01567,60.60289
7.284363,8.439948,11.126832,73.59294,70.89608,81.73702
4.990961,5.850087,6.4935017,105.39277,83.0452,73.958984
3.259493,9.353141,9.357729,119.899956,90.01134,90.00714
8.432238,7.621575,12.041672,77.45898,26.205084,88.69325
8.690223,8.998898,9.019206,61.515896,61.361736,61.98674
7.09331,7.2394924,8.959713,89.585724,111.77099,113.55202
6.498688,6.498159,6.479992,70.59502,70.59048,109.529495
4.7857165,5.6762457,9.814925,90.07501,90.065636,90.15791
6.087316,6.1028376,8.570813,90.177864,90.798035,90.159256
5.458846,5.778204,7.5868087,111.542564,107.92219,89.90597
6.477822,7.0002055,9.125643,87.69355,82.28431,84.61767
5.130117,6.81762,7.352613,66.02614,70.78037,79.15582
7.552121,7.5735726,7.643106,92.190315,117.77251,118.51632
5.212096,5.2614822,9.341784,74.973885,74.665985,60.70708
5.0153384,9.1498,5.021924,92.40569,111.685486,91.202
5.035365,5.0701046,9.165719,94.182465,92.17115,112.45424
6.999701,7.1835065,9.176731,86.550224,87.95477,87.7173
5.7506156,5.722104,8.7364,108.19003,76.751625,79.52818
5.5675,5.5828075,5.698733,92.19482,118.29675,117.14918
5.476106,5.5145426,8.978037,107.85749,90.11011,90.20827
5.124184,6.5857396,6.942063,108.40419,105.91492,96.948235
5.2190166,5.3476696,8.947487,74.45234,90.65624,60.592743
5.256803,7.479847,5.205164,109.596634,97.66189,106.17687
6.0123844,5.9735317,8.462325,89.92438,89.97273,90.04223
5.208201,5.4937763,7.58841,85.691444,89.88116,89.85952
19.723103,6.8160696,6.883412,60.104004,55.622894,29.595272
5.286446,6.5970654,7.214823,95.78423,89.82423,113.400116
6.75268,8.138626,6.6821876,127.27199,78.16554,109.703026
5.296201,5.292232,5.289077,90.04296,89.979225,90.01099
5.465654,5.466765,10.674698,99.72236,85.27564,119.98294
6.37794,6.3926225,6.486352,99.586754,98.643036,99.74978
5.439454,7.3339834,8.83338,72.28943,79.24064,77.87803
3.930766,3.9698448,7.4497523,101.210075,85.54206,119.53073
6.4303102,6.4444575,6.413066,107.12876,107.789055,107.23201
4.234672,4.3761935,14.702197,91.41961,97.41331,118.70276
4.96649,7.16646,7.604949,115.31097,82.30281,109.79178
5.1890607,5.7459106,7.0958686,109.802284,90.573326,62.621063
5.596815,5.699309,9.829228,89.2159,73.24385,60.70266
6.052495,6.0867705,8.573257,89.680504,90.40604,89.86314
5.0096016,5.011652,5.012407,89.99594,90.04372,90.00682
3.72965,6.5421486,7.6776004,66.45686,80.967255,76.741005
5.163089,5.7513785,6.603045,89.22179,89.80318,89.81296
2.8836226,11.77937,6.4946523,105.844345,77.76732,92.41401
5.423304,5.4384356,7.4481506,106.938736,106.759186,95.27448
6.024878,6.065841,8.560136,90.51218,90.10953,90.30169
5.090531,5.8649406,6.6366396,103.90927,98.06142,107.31042
4.664572,9.777567,4.7840114,87.41632,90.073875,90.145454
2.934627,5.055599,9.770651,85.435524,83.09233,88.329285
5.52968,5.583732,6.047439,63.558468,64.54601,60.935677
4.50638,7.2011075,7.8432736,65.68099,78.06688,79.86113
5.6793175,7.910524,5.6102233,89.69831,89.54267,90.05763
4.794416,5.541831,9.553951,89.98811,90.60361,89.559425
5.9204574,5.1302285,6.644797,97.57267,77.12847,73.21164
7.322367,7.3448524,9.875723,87.282036,75.240005,87.97243
6.724371,7.036289,11.147376,95.62048,106.988335,111.13388
5.726881,5.7975416,7.047059,106.291115,99.316025,107.213776
6.2823,6.7515364,7.614658,83.46204,87.6566,69.85288
3.9184983,7.889647,9.730592,69.62327,78.32852,75.494896
4.543812,5.441526,7.5643196,86.30813,88.76586,88.69518
8.889824,8.941335,10.093011,82.47236,107.127884,118.566185
5.770844,6.0524383,6.447286,103.145226,98.93849,100.013626
5.1199555,5.494272,9.108166,85.36733,73.507515,117.53976
6.39361,6.5970025,6.603519,93.56041,105.65309,106.824394
5.465469,5.587739,7.7977333,89.893074,89.97264,89.50805
6.4735975,6.4440026,6.9752903,61.151188,62.080578,88.318344
5.8280306,6.190691,6.515822,114.94328,95.51734,111.87348
2.9938226,3.062918,19.75064,96.84389,82.05069,123.04816
5.850119,5.977536,6.710859,105.188095,103.27992,90.03683
6.0507946,6.116099,8.605488,90.34133,90.38152,90.2732
2.905679,6.5341206,9.828683,100.92577,91.52606,102.7085
6.730086,8.220633,6.706894,127.96308,76.795006,111.82477
5.383031,5.800882,6.1227255,108.31619,89.79732,116.773674
4.755114,6.982018,8.414184,104.3727,97.31229,91.85322
4.018372,4.1207023,16.772345,89.536804,89.77951,89.72501
5.3034954,5.4274015,7.8656125,90.12913,89.94816,90.09329
6.65549,6.745331,7.0420456,89.27904,87.74605,78.36108
5.142079,5.5708084,7.8522935,103.68135,100.97711,106.23197
5.8427,5.8669877,5.9065876,119.28917,119.56925,90.06625
5.088614,5.088386,7.6838965,71.50037,70.939735,80.2948
5.959081,5.974025,8.435128,90.20972,89.81546,89.70518
5.1015644,5.1369104,7.7321715,108.96294,101.17083,100.73379
5.062902,5.1466665,5.596639,64.62147,64.60594,61.438797
5.4780197,5.468555,7.674744,90.02975,89.903946,89.8401
7.676346,7.7917275,7.932199,63.215885,62.520176,61.260765
5.86694,6.0843525,12.985056,82.948044,84.61588,73.0239
5.4942017,5.6404023,8.381145,90.09754,92.566376,89.779594
4.8672957,6.199984,7.7027726,73.78829,89.88513,89.53859
6.0661473,6.1510773,8.631988,89.97091,89.93292,90.133316
5.433645,6.926112,8.525364,109.36661,103.135994,86.0985
5.1566277,6.056417,6.072327,109.16231,114.42144,91.7219
4.584482,5.5030136,7.6526914,87.08523,89.0798,88.64424
6.432787,6.5168095,6.362523,72.95974,106.19455,93.45961
5.213309,5.4899035,7.555733,86.030914,89.87546,89.898705
5.000676,7.1133523,7.5339017,113.78512,83.76622,107.98866
5.042372,5.1250753,5.13006,91.12019,99.17555,92.41936
7.454226,7.658254,10.164131,85.13778,110.07669,118.73064
8.02616,8.181102,9.123508,65.64074,73.65406,64.13633
5.684659,5.793799,5.737379,59.814724,60.84034,58.876553
5.348257,6.078069,7.5543246,90.47283,91.02591,91.27336
5.985148,5.998952,5.9620056,60.381287,60.43875,90.93464
7.0998416,7.2503963,7.7513347,73.92063,76.09526,61.104763
5.608997,5.7596593,6.832333,98.161514,94.41162,107.46035
5.8719296,5.6916137,5.6262736,61.520042,61.37631,91.51741
4.728504,5.707401,7.9060035,86.19957,88.8562,88.68519
5.3650174,5.35624,8.245351,108.10741,102.6921,100.70295
4.904781,5.8709965,8.148272,86.58875,88.57727,87.89435
5.249592,5.7015424,7.891297,96.89947,90.13463,90.30762
5.091009,5.1030674,5.1066666,79.00721,73.41905,63.97567
7.651493,9.596025,9.604477,107.35836,97.00644,104.90871
5.122171,5.0769377,5.0866804,96.04897,97.99411,99.969345
5.458613,5.711712,7.89638,87.814316,90.80405,88.72888
5.117412,5.4753966,5.9465437,106.57158,85.3567,112.6208
5.422922,5.4725804,5.8967996,63.577763,64.338715,60.976112
3.486528,6.697206,10.315568,101.60325,99.37519,104.328026
5.993744,6.0141277,7.1658344,82.58427,106.033875,119.27011
5.265541,5.9787245,6.008712,60.145393,107.31457,89.93117
4.965192,7.412888,8.211013,114.24425,86.14015,103.66801
5.2923045,5.4231143,7.7443624,90.384384,90.02829,90.10464
4.7831955,6.0579667,8.743193,103.58897,97.658035,98.26684
10.339735,10.350344,14.652897,19.426912,19.431599,33.433445
7.150529,7.304254,7.350528,88.17718,69.74027,86.626
4.417247,5.6307726,7.022804,109.73117,104.78503,94.50126
5.511037,6.0022106,7.0224156,93.0575,103.23774,93.25827
4.191445,12.524285,5.8184137,44.6609,89.15565,89.22814
2.91815,5.955792,8.252176,89.978905,90.6932,91.942856
7.358574,9.176117,9.1789465,108.67868,97.04759,106.13299
2.9121256,24.614664,2.9209447,87.33458,119.743774,89.648605
4.8304844,5.6741877,9.820934,90.01854,89.949974,89.5308
7.029988,7.047557,7.100434,101.324455,101.40386,105.0628
5.5343223,7.82319,5.589057,90.07321,90.65269,91.01561
5.507105,6.8559465,6.8574014,82.691475,78.6088,78.54501
5.036274,6.8147154,9.607492,89.95955,83.172676,89.98668
5.9570856,5.1476965,6.6452985,82.386024,77.368164,106.02114
6.934447,7.3533106,11.343493,73.163216,74.43827,71.12704
5.181057,5.181049,7.4330235,98.2864,108.37666,109.96381
5.643958,7.2202644,7.242727,107.07594,112.69542,96.33186
5.082733,5.3063912,7.348525,86.54074,89.958626,89.99106
5.636227,5.682714,9.8346615,89.21589,106.58147,119.512276
5.296624,5.4620647,9.104641,73.97684,89.710526,60.726204
7.1185637,8.758148,8.801872,109.94634,96.94256,107.02306
7.689274,9.433355,9.608312,109.78091,107.04387,97.02998
6.738797,7.739073,8.4296465,98.50379,111.44394,109.895996
5.260941,6.23135,6.122524,61.423798,105.45074,103.74843
6.403027,6.749964,10.311993,70.89905,89.96842,89.94505
5.1092854,5.509691,9.103121,85.19557,73.53789,117.58434
5.856341,5.873831,7.7252107,72.31035,72.11538,70.60481
5.111708,5.3573885,7.4239397,86.41379,89.971214,89.82259
3.901237,8.43536,8.617593,96.23225,102.775925,90.49174
2.944977,7.7756305,8.170892,104.797195,90.805954,97.476746
5.076094,5.327832,6.3304133,114.50359,107.19316,89.8507
5.62629,8.006008,5.779487,89.72229,91.64669,89.333595
7.51258,7.5365553,7.519603,44.2577,43.981396,44.28169
4.664724,5.66669,7.8786945,85.96365,88.79197,88.559074
3.888421,6.885242,9.573575,84.09288,78.44043,88.62347
4.990638,5.7994776,5.917774,60.561676,75.276535,73.023094
4.978372,6.4611177,6.4799147,80.18042,67.85164,67.89008
5.084831,6.0768046,6.660914,117.102325,102.2608,89.63872
2.941442,5.061637,9.852882,79.57761,88.354904,88.79743
6.771009,7.153836,11.29927,71.679756,75.63739,62.760574
3.0426528,10.099585,5.214147,93.81853,89.95728,98.63857
5.53177,5.588747,7.8716516,89.9144,89.971466,89.965164
6.669846,6.67586,13.864219,101.34789,101.338745,100.781
6.0791245,6.0993567,6.084343,121.93322,122.13513,86.716576
6.0613112,6.109394,8.585799,90.177605,90.15422,90.02598
7.3768334,9.737871,6.346522,29.23278,54.510094,40.74649
5.425231,5.704325,5.465486,63.51467,61.998383,85.85289
5.502934,6.582029,6.8948865,83.31857,83.662834,83.84486
4.13686,5.6000404,6.1101604,115.930084,106.41468,86.88552
5.489487,6.468853,7.810443,92.23646,100.40452,110.42528
6.158049,6.1560087,6.2650104,119.80344,119.825714,61.4015
6.8619065,6.794607,7.232406,62.463837,62.086952,66.02061
10.934008,11.073633,11.373096,93.65627,110.77201,100.66255
5.4311323,7.093985,8.594248,92.3224,144.89317,74.7732
3.107373,5.085842,5.1210747,106.00504,86.70487,84.84339
2.9656453,12.17059,5.090988,83.91051,91.2021,86.0064
5.078783,5.2860584,7.0411763,106.934715,108.78816,98.36599
5.1817,5.68608,7.6636734,101.456856,106.57626,98.72382
3.082415,6.111454,6.4755316,102.92234,103.3157,94.88433
6.262833,6.503029,6.494294,93.057205,105.91557,106.7673
5.465615,5.4696417,5.4729595,99.7991,99.84097,99.69276
3.630551,6.814403,6.865981,117.01,99.71239,95.210556
5.269605,5.367175,9.0211,73.73288,89.93343,60.235588
4.462446,6.686937,6.749085,85.43454,108.94954,108.9003
5.694714,5.717381,5.720824,90.431244,119.35121,119.74964
6.703673,6.754697,7.054563,89.95335,97.80085,97.03723
6.0032024,6.0698967,8.522839,90.34733,90.34316,90.21831
3.059849,5.0336447,5.094674,106.559525,91.20522,92.37687
5.515676,5.5214496,7.260349,70.89633,71.018974,73.855385
4.892399,5.632718,5.6322823,105.12057,97.83887,97.82678
5.96322,6.0251493,8.51756,90.32758,90.63852,89.97218
5.299153,7.5365,5.459433,92.98901,89.91113,89.87263
5.756675,7.633795,7.6779156,76.42851,70.79391,71.680374
4.308034,4.3089266,4.3097,89.89853,89.72196,89.958206
5.128131,5.1930676,6.9816546,107.48869,108.186844,97.979126
4.9927,5.1312685,5.8071723,90.016846,90.02681,110.506836
2.972097,7.294869,7.313086,92.431046,101.666565,78.1721
5.520191,5.7047377,8.850057,83.68469,75.39356,85.70638
6.4884386,6.564723,8.476815,69.449425,81.69124,84.57943
4.376707,4.422518,6.6907883,82.22665,77.330956,69.68881
5.254405,6.1681275,6.3580227,80.71773,68.93218,67.64099
5.14334,5.1818337,7.8681602,73.70502,73.29449,77.57214
5.908838,6.095792,8.503612,89.969215,89.70537,89.92512
5.2593174,5.1637053,7.739902,110.32925,101.56394,100.60211
5.166437,5.0758896,4.831859,89.907875,89.960655,120.75205
5.7328763,5.863009,6.49786,104.633644,103.33375,91.84958
5.8708816,6.0388694,8.417192,89.97679,89.83155,89.86581
6.043679,6.05748,6.058695,60.541172,60.72345,60.221382
5.06661,5.383337,6.242962,90.25287,90.004715,90.31066
5.169991,5.402382,7.885994,105.87291,103.275185,102.38055
5.590663,5.7705216,7.901769,90.12851,90.53467,90.28041
5.43911,5.7561,7.1160955,89.98994,89.97505,89.90987
5.640091,6.754852,8.021045,96.01777,90.03782,101.40602
3.902502,3.933418,18.624647,95.924385,95.858795,90.94944
5.0339856,5.1304197,7.6601176,106.902794,102.89785,101.21836
3.937842,3.9547575,13.05467,94.2886,96.404724,90.023964
4.988099,7.219729,8.240402,96.76845,106.95812,108.59891
5.202237,5.3883047,7.508269,92.090164,90.25728,90.20532
7.083117,7.1742187,8.919119,89.45586,112.04991,112.91173
5.183546,5.258793,7.8583255,107.47339,102.11333,101.86758
6.845879,8.220721,6.8014207,127.29073,78.9022,107.926254
6.068454,6.077087,8.539392,90.12044,90.808624,90.09866
4.730811,5.726992,7.8789034,86.534294,88.82133,88.815865
5.41623,7.088218,7.414273,66.58859,70.21195,71.684975
5.594918,5.601056,8.707956,70.74373,70.97979,88.7406
4.625934,5.572943,7.245969,89.90736,73.478424,89.83477
8.099882,8.220272,9.281613,64.92354,75.55521,65.5352
5.2925267,5.617695,7.135151,73.09706,95.00866,65.47882
5.7122755,8.500313,5.682757,101.3402,102.20838,109.38689
5.7326784,8.144873,6.5055737,94.26939,67.26529,105.34038
5.193474,5.9948273,6.71379,102.91346,97.48038,106.77088
7.667913,7.7583942,13.496094,80.93524,77.94033,77.626976
5.531108,7.814609,5.7140636,91.30343,92.21003,90.247955
5.4377775,8.032935,5.5692406,89.94874,90.01828,91.4205
4.7908487,7.992079,5.7739024,92.79062,89.59525,92.2077
4.933881,7.1838975,7.004501,122.92116,83.64619,109.081
5.243021,5.984483,7.588427,100.21999,109.38159,106.88704
5.229691,5.2309403,6.417021,89.8329,89.87707,88.585266
5.041407,5.810313,6.0606494,61.883427,78.72325,72.96973
5.425999,5.723272,5.416211,99.52999,119.757645,99.01661
5.461912,5.4620385,5.4644585,89.974266,90.031235,89.97633
5.43109,5.538801,6.025574,91.02631,115.88994,119.18761
5.430271,5.60627,9.034346,104.03552,88.533516,114.713844
5.435364,6.6747403,10.181199,90.254486,105.46654,114.00179
5.1593533,5.1994677,7.3993845,69.84434,69.68496,88.35311
5.6771708,5.6943626,9.908682,72.63355,90.283966,119.51118
5.144031,6.57526,6.733269,108.94072,106.129,98.14769
4.8104,4.951342,6.0411935,86.97467,79.7703,85.61749
5.352187,7.3298697,9.575202,69.92814,86.14814,84.228386
3.154629,5.352971,5.3496547,79.86821,90.55376,73.68843
6.1441736,6.279173,8.776372,89.71002,90.215065,90.153984
4.383057,4.382551,15.688901,97.9469,97.95616,90.011116
5.351334,10.659352,5.34727,58.168808,58.24835,58.11501
4.928848,5.500237,9.631704,89.64131,84.25562,89.90167
5.115888,7.565725,4.994582,102.92174,102.241776,106.33162
5.762,5.769409,8.740299,81.43625,71.353584,68.39712
6.673274,6.9358478,9.760637,82.99475,75.548416,61.424046
4.523586,4.5867257,5.2588315,72.88116,72.82712,72.31148
5.3852234,10.7472925,5.3915796,56.856243,56.91036,56.92125
6.211897,6.6245747,6.9543977,88.8084,113.357925,94.69151
5.738811,5.7715745,8.603634,109.197365,101.38139,102.29189
5.100245,5.5625367,6.46088,89.784676,89.56705,89.62758
6.0294886,6.0532026,8.598231,90.01452,90.38822,90.65347
5.6608624,5.6753564,8.2333555,98.03782,108.07695,110.55919
4.681494,5.6160207,7.8028803,86.38537,89.46263,88.94066
5.2178583,6.3306756,6.382874,100.39794,95.45372,94.651115
3.093882,5.0692525,10.015918,77.24177,84.367966,85.13295
16.143759,10.454557,10.371072,16.682676,15.441325,16.316147
5.1173553,5.1325274,7.9022794,108.75994,102.21009,100.00629
5.176425,5.44411,7.5308647,86.07051,89.813354,89.95266
3.595599,10.058271,10.055336,60.030025,89.99709,89.982895
5.4960537,5.5802636,8.298749,69.2843,85.54387,69.98163
5.3296776,5.467267,5.7470574,64.09694,89.46498,61.459526
5.114094,7.062032,7.1371245,89.81402,91.97106,89.978294
5.070178,5.821803,6.4240665,104.82785,96.74523,107.47151
5.672682,5.705701,7.915126,89.99458,89.99836,89.93324
5.621763,5.6256995,7.3250203,72.28286,72.25821,72.36261
6.084875,6.4931426,7.030648,114.330025,113.07032,88.76278
6.1536016,6.242852,8.745149,89.9355,90.017426,89.9174
6.074175,6.0974026,8.59731,90.26196,90.387825,90.074265
3.822383,4.879629,6.0495944,89.28622,108.545204,90.16814
7.536142,7.615663,7.6198726,92.60835,117.90163,118.36421
4.992713,7.2595506,7.984505,113.60354,86.94266,103.14578
7.096731,7.542712,11.289542,73.20391,75.56293,72.07257
3.7820048,6.512915,6.4900165,85.3289,73.39283,73.05308
9.010078,9.02832,10.003825,81.76175,107.08352,119.50922
5.563968,5.5768456,5.5873713,60.178585,60.588024,60.31257
4.7526693,8.836053,10.936804,67.24794,77.46214,74.41396
5.241526,5.5416803,7.6377716,85.27371,90.04798,90.04996
5.6143565,5.3735356,9.163853,107.41854,107.732895,90.11516
3.616337,3.6667082,12.006489,92.63756,98.29641,90.18545
6.585047,7.8867517,9.544991,109.873314,109.991486,90.12393
5.336478,7.6172056,5.658674,94.69296,90.09071,90.23386
5.244623,6.6614575,8.39387,104.594574,89.07386,110.16792
7.288344,6.7798576,9.966472,75.353874,69.077446,69.3115
5.033344,7.153295,8.440674,91.33147,92.85095,107.16567
5.0860953,5.0752635,5.444191,117.71561,61.508324,121.1985
5.666599,7.1150994,7.2233233,111.17295,85.45152,111.33984
5.455702,5.6061215,7.051558,105.36141,103.00144,106.142166
2.8203466,10.223085,4.9403434,80.40981,89.9815,90.31461
4.663611,5.5368633,7.552856,84.76706,88.375206,88.70868
5.613913,6.005541,7.5076976,110.023384,99.30939,106.195435
5.169498,5.3514743,7.332312,106.02565,109.19266,99.126755
8.112322,8.331139,12.018144,108.37213,107.90949,94.36126
7.227893,8.852034,8.977013,110.00492,107.5008,96.535225
6.493952,6.539325,9.429619,72.43935,80.57725,65.66888
5.162966,5.922313,6.525856,104.29726,96.21579,108.74096
5.0841675,5.0736117,6.0523276,102.41305,94.32703,99.9174
5.168562,6.0759435,6.1131115,108.75683,91.884094,114.26374
5.783259,5.8293185,6.339126,64.172775,63.311207,91.45436
6.1970053,6.7958527,9.021162,74.61992,95.73309,84.456314
5.557954,5.5878997,7.2781305,112.003075,112.42661,90.36399
4.64884,5.70498,7.951244,86.92212,89.129745,88.68445
7.89028,9.733045,9.777963,107.54797,96.547104,104.652245
5.013389,5.5173397,6.7156777,102.72458,90.0762,116.84987
5.5846906,5.864982,5.6922326,87.967415,61.604996,118.25829
4.953341,5.1197896,5.906838,107.33776,89.533485,100.28128
5.2855783,5.2997727,7.6818833,99.567825,107.12655,110.19719
5.591715,5.610776,7.883136,89.96256,89.955864,89.94152
2.9740725,12.676502,5.0830708,100.898964,77.32184,91.58639
5.138982,5.475717,7.409461,84.97192,89.4599,89.70177
4.435476,4.6199894,9.805541,99.78439,98.19773,94.86924
5.682612,5.694386,9.692915,88.67508,106.67557,119.03128
3.9520063,7.162829,15.192834,82.444336,82.440216,74.030914
5.6894126,9.597882,5.5573,89.35657,121.04428,74.06699
4.898731,5.56349,8.695638,91.30547,106.29306,90.37935
8.031515,8.184714,16.941277,90.27328,95.216835,91.07595
5.516779,5.5777965,8.725765,74.91103,88.465416,89.24629
5.1810784,5.5520153,9.364113,86.27993,72.51941,116.90831
5.4110904,5.5753593,8.244309,109.76964,109.07375,90.021416
4.565216,7.877819,9.101643,110.50422,99.10684,103.531654
5.624657,11.248566,9.927343,28.013699,50.715027,55.956818
5.841031,5.90064,7.204302,114.02594,113.3489,90.27483
5.614968,5.62936,7.392099,71.9098,72.51005,71.80767
3.883597,3.8989725,18.761799,95.83644,95.77023,89.935295
2.9329758,7.359648,7.415135,88.47769,80.01836,81.12024
6.75832,6.765641,10.111396,71.851135,79.51267,66.43316
5.042113,5.081888,7.7666903,102.83723,108.340195,99.31495
6.675678,7.097843,8.95885,98.60474,105.28882,88.92626
6.457091,6.433083,6.4738173,70.50932,70.24719,109.144135
3.082991,6.1071553,8.139415,90.34461,90.83151,95.34716
3.3755953,9.592105,3.3752353,90.96395,60.03214,89.785576
2.899787,7.659969,13.269559,90.62636,90.3122,90.66827
5.433893,7.7183604,5.5564337,89.909645,90.12785,91.578636
2.9756231,5.0535297,5.056687,70.95804,88.94933,90.56713
7.744028,9.458939,9.798787,109.09701,96.97012,106.747765
5.924553,6.0137434,6.077253,98.302,97.22343,97.68312
5.245956,5.246897,7.45094,107.03639,109.39802,95.76528
5.21074,5.2193866,7.3484344,107.53154,108.78058,95.94824
3.370109,3.374914,5.0051446,97.61785,87.94528,119.908516
6.3148,6.450531,14.273956,94.577576,93.90035,89.89509
5.864902,5.868142,5.870763,89.58245,89.53211,89.85346
5.492362,7.73806,5.6251206,89.35639,89.20132,91.54895
6.408025,6.517244,7.539926,66.789185,77.824036,61.174587
5.2825646,5.4759045,8.261561,91.01475,89.33915,116.42096
5.348107,5.6907616,5.9273615,106.62529,89.84856,117.33187
5.464538,5.4826913,8.287548,70.6493,82.7297,68.929695
7.358073,9.083349,9.229312,108.417755,97.18466,105.33954
4.65817,4.843478,8.929807,86.175476,76.64118,81.7875
5.523367,7.875129,5.5271945,90.43651,90.12496,90.06369
5.240025,5.316027,9.077517,73.82702,74.3468,61.47359
5.6152253,5.60661,8.627698,70.91045,70.94011,89.802986
6.4749,6.545531,8.386802,68.1946,86.77037,85.062546
5.209947,5.5406985,7.6579027,94.51873,90.28173,90.11743
4.97029,5.665877,6.208293,85.59444,111.72994,109.24558
7.6223927,7.574409,7.632145,60.021664,60.053013,59.614994
5.365488,5.416886,7.2392282,82.60266,109.86288,117.01317
4.641931,5.568644,7.6354766,86.53821,89.6213,88.97261
7.735198,9.474794,9.78181,108.334595,97.221535,105.41642
5.679995,5.679699,7.3839965,73.34516,73.15539,72.76355
6.735171,6.7504306,6.7614245,92.98533,92.99855,93.7227
5.810951,5.9730353,7.982434,111.71506,95.91647,105.882614
4.001147,7.2708626,15.51144,93.98232,97.389084,105.888405
5.769608,5.799862,5.679348,59.97074,60.77621,90.475266
6.4759774,6.7713795,8.004456,90.20406,89.97672,89.925674
3.2761407,10.395734,6.4303117,107.12495,85.76759,86.43241
4.225291,6.7649493,11.072088,106.33148,90.804474,90.11712
5.288607,5.352413,5.8470306,116.9374,87.39758,97.739815
5.5767875,5.598313,9.683564,72.691185,73.089806,60.11752
3.08611,5.123767,10.017341,76.972885,84.58302,87.37348
3.0590863,6.045728,8.0865555,89.52722,88.68179,96.24719
5.664691,5.6747937,5.7164464,119.08702,119.02135,91.160576
4.7417035,4.764575,20.676937,89.190346,104.76993,90.080986
5.433116,5.7777185,10.637421,89.97359,92.78326,92.96843
4.254027,8.51897,8.603147,89.78314,89.98625,89.893684
5.651299,6.745806,6.8782578,106.28649,108.871056,100.50624
5.653626,6.812313,8.05015,95.73878,90.176315,101.41301
5.601794,7.6013656,5.6025853,64.4757,93.70103,115.551674
7.689756,7.753679,8.02958,62.565018,62.142307,60.82756
6.733698,6.733497,6.7358723,93.397,93.61648,93.56037
5.7212496,5.7407646,8.746301,109.07897,71.08974,99.453835
7.816285,9.84025,10.844118,75.915764,83.547585,76.30282
5.149673,5.179133,7.9610248,71.12525,71.538864,79.8358
5.4128,5.5808597,7.740436,89.8608,89.978485,89.32371
6.732248,7.0346165,9.813467,90.15039,99.3025,103.70576
7.404408,8.786165,9.5430975,103.520424,103.10161,107.39066
5.858324,5.891933,7.574912,73.755905,73.47966,71.89549
7.718135,9.70468,9.730855,107.336365,97.03261,104.8237
4.679168,5.452984,6.1405296,96.49247,93.53895,103.87449
4.814782,7.085523,7.8222833,114.552315,86.435005,102.94658
5.116164,5.580768,5.095746,91.86019,61.546097,63.40992
6.753136,8.360813,9.217776,115.99765,101.41702,100.77899
3.87296,3.8942938,16.048943,89.259995,89.72047,89.61513
4.9951863,5.5041885,5.1158175,62.297302,118.653366,116.23611
5.184416,5.366378,8.989547,105.96046,89.48327,118.66667
6.773694,6.789623,6.8282146,91.53355,90.3883,93.153435
4.697763,5.633919,7.789057,86.40088,89.67108,89.574135
3.061929,5.1762867,5.210612,107.15181,90.61705,89.97559
5.017056,6.3093123,8.461709,110.3402,90.14665,92.95131
6.012302,6.094334,8.515715,89.94606,90.33754,90.23838
5.2796683,5.819581,5.976254,62.402287,89.561455,71.901
4.731558,5.675371,7.832991,86.21051,88.69669,88.040596
5.04322,5.3873506,7.603004,104.480316,102.75674,105.40019
4.973515,6.096228,4.983852,65.86437,89.99008,114.06146
5.2186837,5.2150264,6.4436874,90.12276,90.23343,91.80115
5.0773764,5.0990357,7.6986947,109.12574,101.43909,100.70828
6.114344,6.1369095,10.616845,90.416756,106.483574,119.49012
5.2411876,6.1390567,7.8785844,89.70076,90.83364,91.62477
5.187857,5.1897836,7.9553566,71.17899,83.680374,70.63109
4.807343,5.8072014,8.075264,92.596535,90.642746,90.16236
5.1904926,7.215635,5.097428,109.3289,97.7331,106.91924
3.686372,5.6351314,7.155404,90.299995,102.53387,91.15865
5.62463,5.817457,9.388153,83.8162,76.64039,87.20769
5.151595,5.3460975,7.4761043,86.9934,89.81333,89.513725
4.656148,5.556055,7.5017195,84.50991,89.27507,88.85874
4.702133,5.631578,7.77387,86.16241,89.246635,88.98077
4.685139,4.9480267,17.836195,90.98936,95.20668,89.91414
4.482619,6.696723,6.7521553,83.67225,70.90437,70.6543
5.397228,5.398517,10.555715,94.809006,95.777855,119.84867
5.1270065,5.452409,8.803095,86.55926,73.320114,117.9761
5.178275,5.1908298,9.003016,105.20045,90.09127,99.74886
5.151741,5.1643014,7.2953796,107.21215,109.22435,96.40639
4.6356416,4.8126674,13.624724,88.69229,88.97709,110.53371
3.5421665,3.5443025,16.968163,83.91542,83.92441,59.909943
4.373475,6.650103,6.6669674,83.82522,70.95284,70.87935
6.178739,6.2562714,8.795942,90.13859,89.67349,89.94005
7.308729,7.577751,9.998311,85.7539,109.58856,118.6402
4.214659,6.116265,7.9984374,103.594055,105.260086,90.11252
5.962221,5.961528,8.4271965,90.17554,90.16381,90.2247
5.9678755,5.9403076,5.934775,59.127983,60.036667,59.836906
6.246801,7.2100453,7.371872,106.929535,102.57798,109.872246
5.126993,5.5042076,9.071785,85.16913,73.64463,117.82293
6.323792,6.548455,6.6459794,73.8683,61.91677,61.515728
5.022131,5.631304,7.493941,97.41396,106.14393,115.161194
5.01484,5.0947785,6.03953,91.18281,92.03908,107.18032
7.382109,9.23488,9.283424,108.8318,97.11564,105.915146
4.937422,6.804486,6.862984,75.3217,69.495186,69.07919
5.605692,5.6275287,5.7147427,60.583405,60.678116,60.798603
5.4454713,5.4481773,5.4471703,90.16348,90.09041,90.00257
6.7044435,8.4892,3.3653164,89.848145,120.33626,73.32165
5.612613,11.294036,9.925115,27.764029,50.02385,55.27723
4.697247,5.5823007,7.7510414,85.92091,88.59359,88.430786
5.831279,7.320715,7.3333774,106.19895,97.96347,112.392914
5.9176273,5.965707,8.414452,90.48322,90.43193,90.2317
6.538654,6.6092434,6.609832,91.67844,91.62316,91.656944
7.112218,5.666348,6.0340686,67.01171,105.32601,107.94727
6.597463,7.628953,8.508439,102.94648,97.32494,106.793106
6.894131,7.4396653,9.984285,109.82232,90.84693,116.19845
5.091934,5.134651,5.2981153,96.95943,115.98801,114.146935
5.616147,5.644961,5.6648774,117.731895,119.262276,91.570694
5.117191,5.181365,5.943035,73.320305,89.99527,80.804474
5.039579,5.094051,5.359567,105.95954,98.89443,119.00328
6.042211,6.0538397,6.058226,119.57835,119.480286,90.66726
3.3765595,3.3713546,25.697277,80.33265,95.5448,120.09526
5.21063,5.4041166,7.9389396,89.68244,88.18527,89.49268
5.34953,5.70953,9.475943,91.62098,104.43423,117.5571
3.250019,5.577489,5.6798058,96.072975,104.52757,104.91868
6.943238,6.9628634,10.082845,71.724945,79.12361,65.87036
4.731632,5.6231194,7.7140527,84.83667,87.13339,86.2136
5.4568777,5.619713,8.447926,108.962204,71.62927,88.63772
2.821058,10.948725,4.9291573,102.914406,89.91178,95.91988
3.803259,5.7869043,7.189752,82.980545,89.028595,82.06589
2.739849,4.6904025,12.793018,89.9941,90.09492,94.96047
4.867542,5.799344,8.203557,87.01732,89.00003,87.08105
5.978175,5.9845853,5.999137,117.358215,64.12694,84.21857
5.4154844,5.4211397,13.434521,90.33913,89.20829,119.18295
5.596269,5.685067,7.9436946,90.25163,90.0385,90.05157
6.643942,6.648239,6.676142,109.56257,109.53785,109.3901
4.992874,5.4062424,7.7710133,84.32479,93.06461,90.65209
5.897392,6.0593953,6.118717,57.44836,59.526978,61.29538
4.564482,5.4658966,7.5285115,86.054825,88.733894,88.04433
5.06216,5.097806,7.6650023,71.489494,71.63381,80.39506
4.660123,5.531687,7.660619,85.24314,86.91342,86.25868
6.573771,8.704931,11.4080305,107.32631,96.76307,100.12764
5.3658147,5.5195756,7.9473786,90.05951,90.35639,90.000916
5.298686,5.302788,7.8610497,82.21659,70.799515,67.62801
5.485847,5.5909452,7.7755466,89.99004,91.71854,90.939926
5.341104,5.3512936,8.475873,90.04093,108.26112,118.915276
4.008352,7.6812944,7.5913987,87.20526,74.622345,75.522545
6.4723063,6.533974,9.638975,71.38093,79.42108,67.89975
5.9418497,5.9761963,8.727188,71.63786,79.17966,68.76651
6.031001,6.082491,8.568772,90.394936,90.34251,90.19691
3.076182,5.0980678,7.6506996,106.68764,98.04539,87.72456
5.149189,6.0995245,6.323368,108.42748,92.5481,112.15625
6.5208597,10.642677,8.348257,62.441418,66.96029,90.0338
4.309047,7.7975955,5.3616405,94.462006,66.10321,73.9414
5.1543927,5.965642,5.2372246,65.68559,119.3253,113.265465
5.187612,5.4853396,7.529311,94.22861,90.254814,90.11238
5.174564,5.2832537,7.9188423,88.59964,87.06489,85.8143
7.438302,8.94167,9.6504135,103.78905,102.89852,107.66866
5.454823,5.5297866,5.7265515,116.17441,116.41188,91.154434
5.2125916,7.245643,5.2062306,108.88459,99.353485,105.96889
3.996075,6.8395605,7.314894,116.76989,105.93568,90.11582
3.006332,6.9358954,10.149765,93.189064,90.03108,97.00647
5.4752493,5.4683557,5.4410267,61.1831,61.099335,61.05012
7.101343,7.2101583,7.7287717,105.61462,105.843094,89.754456
3.788839,5.1437974,5.5453734,90.59332,98.50406,107.42632
5.810973,5.81193,7.838495,110.99055,111.55789,89.98648
2.9095497,14.077991,2.9108725,85.146774,60.77688,84.7127
5.552357,5.611481,7.974479,89.888245,89.72914,89.99236
8.839274,7.1120996,7.1345525,77.58723,110.04923,128.27289
3.69437,6.4031196,6.72437,110.44459,96.78059,90.93454
5.627314,5.634979,5.7040396,60.629932,60.564373,60.04563
6.051341,6.566233,6.9752526,73.79803,77.2512,70.733406
5.984359,6.012344,10.378922,73.655235,73.25046,60.156364
3.1572073,5.350918,5.36008,108.44216,91.08669,91.65992
5.672005,5.696453,5.6976876,90.68667,119.01444,119.711174
5.042465,5.0947413,7.6573215,101.48647,108.84992,100.97489
7.757114,9.711456,9.817247,107.27483,96.923775,104.53352
11.420099,5.6498103,5.711437,57.733612,57.614246,57.18858
5.070026,5.53123,7.651588,102.49189,103.96235,105.70694
5.2629194,5.457883,5.8686585,94.08181,117.198845,118.69593
5.215003,5.3505955,8.142308,74.42223,74.874466,77.25605
5.1025343,7.397613,5.366271,86.00861,89.98776,89.982
3.874119,3.9029293,18.95842,94.95999,95.61594,89.97967
4.992815,5.053571,7.5808105,101.69934,108.80538,100.991905
4.892054,4.9251776,5.120784,89.94358,89.403465,88.71919
6.754317,6.7628145,9.745316,83.42204,103.90058,119.663765
5.6438794,5.63668,7.8838034,85.1912,137.10541,123.541824
6.919778,6.893625,5.887621,73.60166,105.300964,98.50223
6.3578067,6.3335805,6.3629637,70.4776,109.41342,70.641365
5.512519,5.773838,6.8863487,107.64216,97.09592,108.73522
5.893064,6.0919986,8.445567,89.876274,90.31254,89.92342
7.083411,7.084853,13.900359,94.92692,94.96445,119.19563
5.249876,5.4413776,7.443873,106.69582,108.219635,98.78891
3.763681,5.6647143,6.9739647,88.21095,82.511505,89.32648
5.2383075,9.941589,5.150412,106.96092,61.863712,91.28253
5.112115,5.4491515,5.694336,89.82953,106.504906,94.628944
6.079306,6.181558,8.660151,90.04048,89.91834,89.83537
6.027302,6.135301,8.622006,90.320656,89.6864,89.911835
3.8284652,7.7402444,9.59161,66.120255,90.04643,89.80225
5.777162,5.8314123,7.624696,72.48887,71.33868,71.67103
6.69974,7.8318005,11.547321,102.23462,103.92069,88.46553
6.300592,6.3275356,6.3348055,91.09254,91.06888,91.15151
6.350929,6.4770923,7.029925,114.00246,110.75007,88.80568
4.738631,6.1406245,6.3751917,100.314545,98.76672,89.05598
3.8697596,3.9085326,31.65062,60.946262,60.91907,60.298977
3.1022937,5.3756957,5.443817,110.556656,91.09699,89.9466
5.630203,5.5813465,7.9302783,90.74537,89.97717,89.9941
3.881653,3.885866,15.188596,96.93168,96.92743,89.991684
6.148579,7.016981,8.625694,107.11616,110.84569,90.010864
5.2738957,5.584677,4.927384,113.62543,63.94105,120.67995
8.190521,10.137148,10.165209,107.686165,97.22929,105.478645
5.213853,6.6907525,7.583715,91.726326,89.84927,112.07749
8.839453,7.2619233,7.2774587,76.471085,112.63265,127.71557
2.9665277,9.924628,6.469134,99.438774,103.33232,93.123985
5.177909,5.271898,5.4935656,62.63698,89.778244,62.292942
6.4986405,6.4890194,6.9327464,73.23963,76.345276,104.634575
5.0821385,5.4747796,7.4999185,84.19249,89.874756,89.80349
5.0771523,7.412881,5.33143,93.7216,89.167854,89.954865
5.4319634,5.5289817,7.6034756,108.45345,110.28523,93.8252
7.2445707,7.162825,7.5434422,91.89818,99.81083,119.8656
4.835984,5.101245,5.1330347,119.02113,98.379326,92.54934
3.087781,5.1361394,10.150092,101.15361,93.951324,102.75714
6.438268,8.41,11.166819,106.76588,96.67224,100.286026
5.448924,5.7758937,6.046054,62.057377,68.02274,68.04275
5.059929,5.133507,5.952641,107.12827,89.93189,99.37728
7.673432,8.202183,10.73926,109.580894,91.09754,115.93524
5.6207585,5.727512,9.73754,106.48997,90.02798,60.64733
7.22774,7.644696,8.206897,97.4178,115.030525,107.84796
4.707371,5.632916,7.781428,86.10635,89.375656,89.122826
7.967433,7.966087,7.960289,43.123344,43.14834,42.855976
5.109771,5.835873,5.865523,110.81008,115.78846,86.245804
5.803598,5.8163676,8.102464,88.90588,106.94303,109.9069
4.699204,5.656171,7.7574677,86.087364,89.315796,89.05541
5.180706,8.620199,9.166638,115.04157,93.48353,94.48015
5.116451,5.535345,5.1122537,117.03139,60.713448,118.18751
5.864187,7.190493,7.9510345,108.06172,97.09474,105.81044
5.8068213,5.8093452,10.054657,73.283516,89.961235,120.08865
5.1537,5.1994004,7.9421105,108.989944,101.142685,100.859505
5.9987507,5.974794,8.422597,89.94163,90.56293,90.32848
5.469247,5.487315,7.2087336,107.89932,107.87633,95.31536
5.4521527,5.5953593,7.73141,108.70786,108.762184,93.90914
7.514459,8.04406,9.363472,91.57138,102.75869,94.761765
6.89393,7.1048,9.7078085,80.00892,84.96405,75.35603
8.244371,8.612046,8.86915,70.76197,75.33115,73.349464
5.525753,5.564963,7.828572,89.94409,89.95781,89.90447
5.269374,7.2503347,8.061275,62.64156,80.8462,84.748375
5.906772,6.1128755,6.1720886,90.90869,90.157616,91.80485
4.911309,5.0012054,5.1952987,78.809845,77.09314,116.27442
4.99065,4.9914093,10.018223,90.505875,97.978615,117.46732
5.380466,5.379818,7.2292123,110.235634,113.70498,89.8061
5.974136,6.02594,6.033721,91.701614,118.60279,119.02207
6.410908,6.3853207,6.4249225,70.44069,110.92858,71.71373
5.118053,5.335464,7.400744,93.40666,90.1471,89.99325
6.059585,7.02145,7.0273857,61.292458,64.528786,64.49522
2.932229,5.9750714,10.392093,97.515785,96.908966,92.720726
6.1502156,6.402838,9.410861,78.29641,77.96278,75.99387
5.06793,5.3583193,6.2381124,90.366356,90.00034,90.32507
6.0964646,6.043271,8.709213,68.19212,78.40027,69.81688
4.219787,8.31534,9.695015,101.990364,102.11269,91.927734
5.9321485,5.957468,8.391428,90.742874,90.45216,90.28728
6.143425,6.2876234,6.4446163,92.10613,101.25824,117.87799
5.105228,5.5033627,7.5037537,95.834625,90.06116,90.044174
5.401869,5.6968503,7.034434,104.48112,96.25876,112.1703
6.993579,7.091689,7.1764665,100.142555,108.157814,100.12069
5.483607,6.6417418,7.671516,108.57517,95.51966,104.957405
4.69112,5.5533066,7.504422,96.1026,90.26774,90.29247
5.014875,5.4228306,6.3357506,90.01094,90.52133,91.133255
5.7891684,6.175705,6.518585,114.88917,95.76741,111.71153
3.634134,6.1756225,12.141031,93.53319,90.02793,106.41796
5.386434,5.4082637,7.417609,107.100975,107.56797,97.952354
5.743316,6.227967,6.771008,115.82981,96.63219,109.58396
5.8139415,5.8475356,5.8248043,120.45493,91.03751,59.370262
5.672687,5.7085776,7.521076,71.89067,71.55612,70.37802
5.364575,5.3640084,10.368308,85.2729,99.92957,119.96465
6.904958,7.8154984,8.426191,92.668724,97.220406,96.92512
6.365075,6.7189846,10.26313,70.91654,89.99478,90.00623
5.881074,5.8857746,7.591843,73.48839,72.89562,71.03543
5.616829,8.000989,5.80025,89.809166,91.52266,89.27215
5.863435,6.0341578,8.449692,90.14852,90.62516,89.98836
3.450697,3.5453722,11.77295,92.834175,96.17323,90.19396
5.417853,5.421574,5.479746,119.63052,119.45496,90.01367
7.419623,9.264691,9.294692,108.32308,97.16193,105.42796
6.6410003,7.0443873,7.119216,75.35624,78.70828,61.464878
6.693469,7.978018,8.376008,102.290115,104.147156,87.52025
5.150667,5.552055,7.621711,83.97213,89.78397,89.88745
6.3999205,6.6097574,8.405172,74.93098,70.75694,80.647606
5.509432,7.2727604,7.662698,104.39935,105.390564,107.70465
5.49133,5.4982085,6.151002,90.18742,90.010864,106.5719
2.8470025,6.3360763,9.427677,90.012115,89.98914,90.07531
5.732406,8.233356,5.737582,89.96235,90.02071,90.01809
5.1277404,5.545728,9.099218,85.10298,74.337204,118.24346
6.618079,7.5684123,7.621311,106.36794,110.50435,109.29937
5.239821,5.2506285,7.7198663,104.54293,107.959015,99.37398
5.716131,6.385206,6.0645623,100.63084,97.22386,100.58811
4.992235,5.302052,7.5289693,104.63758,102.99193,104.49853
5.263254,5.709926,9.234516,73.24116,91.37187,116.04405
5.9343123,6.935369,6.8313823,95.58971,75.26371,105.30656
5.0568175,5.36118,8.800629,74.05356,90.47428,61.41682
6.341147,6.388881,9.009,89.90317,89.89923,89.99137
5.201764,5.3512096,8.07212,73.14962,71.660095,78.22047
5.0203896,5.802542,6.4991136,102.70391,97.42281,106.5056
6.029632,6.0297318,7.077616,107.19397,107.94179,88.16692
6.965393,7.2919483,8.581592,89.128044,104.25828,106.21289
2.974301,7.898833,13.481976,89.94924,89.93383,89.700554
7.347696,7.6833754,10.200517,75.161194,81.33174,84.61792
5.400738,7.0884156,10.058922,98.013794,97.73386,112.000015
5.520923,6.0149684,8.15726,66.34131,99.04091,91.295135
5.2771783,5.7073402,7.535437,90.06302,90.33811,90.64619
5.028546,5.0445867,9.72807,76.103226,76.04877,60.85114
7.412472,9.230731,9.234178,108.497665,97.20642,105.89479
4.176213,6.4395037,7.2069063,70.630745,89.391815,89.31601
5.979594,6.056146,8.444767,89.87133,90.373955,89.81294
5.099674,5.5536084,7.648476,103.2296,103.31966,105.81999
6.243767,7.093964,7.6545305,110.12212,73.60796,113.35939
5.777148,7.363894,8.203824,82.56684,75.75957,70.30242
5.207331,5.507152,7.777222,108.47334,97.504616,105.17909
6.0950747,6.039988,8.953829,65.78164,77.150444,69.4007
6.860851,7.5611334,7.766035,98.820435,114.449486,107.95584
5.0946527,8.983086,5.5197697,107.59283,116.32863,90.35124
5.401526,4.3604913,6.8002195,118.668495,66.18393,129.06453
5.172571,5.473014,5.733506,110.49581,107.00781,92.41277
5.201462,5.684828,5.8716254,109.58808,104.308815,89.770546
6.0586677,6.069372,6.105022,59.697468,60.393356,60.14976
8.248507,6.9319267,7.248261,79.80155,102.8547,124.62377
4.9062314,5.348304,5.462627,107.04164,95.91419,97.263596
7.318538,7.374855,7.829572,108.68824,94.33146,95.76532
5.991351,6.026438,8.495727,90.30604,90.23775,90.2592
5.0227065,5.203892,5.9839764,102.64615,90.57236,99.506584
5.20019,5.48608,7.6403317,85.86239,89.73654,89.84415
5.920276,6.0412316,8.44687,90.12421,90.38269,90.13207
6.648561,6.678758,9.928885,71.506,79.793594,66.907036
6.022215,6.187094,6.2439585,77.69302,70.18258,74.26204
6.2669215,6.2634854,7.689493,66.03882,66.064255,89.89422
5.537041,7.622058,10.846836,69.70277,89.488914,89.59965
4.842692,7.5816593,7.8837442,106.18502,102.14537,90.46266
5.2565,5.447248,7.610329,92.99601,89.97987,90.63722
6.5585,6.559871,9.836362,101.65803,108.8274,102.18484
7.668201,8.039143,8.08847,93.24143,92.41913,102.054184
5.1554484,5.191433,7.903426,102.37562,108.7092,101.43211
6.535735,6.537351,7.2061934,91.660095,116.08706,90.035545
2.937993,4.949631,9.357383,90.034996,92.41619,90.37545
3.0977197,6.3508143,6.114352,67.23151,83.24315,108.942215
5.023904,10.2012,9.776476,16.453878,29.313198,33.230797
5.9002886,6.021188,6.480556,63.837383,89.25415,87.4427
5.320574,5.3014493,7.4875255,97.70513,110.68297,108.25465
4.980106,5.126768,5.8515425,107.797646,89.25599,99.96188
5.14845,6.5951004,6.8897448,107.94249,105.38025,96.808754
3.838985,7.4278913,7.447084,86.28541,104.81694,104.78438
3.283518,6.2584467,9.534598,105.133125,91.07124,91.79937
6.658515,6.731563,6.7947044,89.11259,89.24879,87.91486
7.455005,8.91686,9.681926,96.459145,91.916756,105.53007
5.50222,5.503669,9.627039,89.821335,106.496475,60.045815
5.92834,6.004421,8.425303,90.145226,89.88303,89.81555
5.856532,6.260823,6.4997606,68.13632,78.48764,85.110664
5.1156125,5.030882,5.071035,100.74811,98.948555,120.13407
4.31969,4.732148,13.278674,89.65797,87.07948,89.88724
5.272816,6.612863,7.4096885,107.57907,96.307175,104.04707
5.2885313,5.2024803,6.474025,115.01778,114.86107,90.00415
2.984181,7.3175087,7.332438,87.68448,101.62848,101.72157
4.900559,5.3314347,6.3782334,108.17688,86.97816,111.288185
5.228001,5.268228,5.285716,91.132126,102.47713,100.827896
5.609472,5.639016,5.694605,70.07615,79.62722,74.68434
3.629583,6.0249414,6.3287754,106.96252,96.411964,90.83803
6.409905,6.604982,6.7481933,105.60976,105.39917,116.126884
6.8076596,2.9388168,5.8942447,91.980125,103.58741,102.09852
5.141066,6.102731,6.3294683,108.335335,92.28485,112.28572
7.403005,8.786703,9.540205,103.523254,103.07385,107.398544
5.028465,5.8269506,6.6384015,76.41166,81.56712,106.92338
5.3756323,5.6486135,9.184966,107.811935,107.295265,90.10991
3.844143,7.3687525,7.404344,85.19582,75.17055,75.81308
7.51505,7.897395,9.238294,90.935646,104.743065,106.2544
5.161662,5.215477,7.904394,71.09843,71.10228,80.63914
6.657862,6.660749,7.711163,90.276726,111.84005,118.95092
5.182771,5.145025,6.240565,114.31052,114.77622,90.02124
5.128489,5.349863,5.12852,118.12942,118.98599,91.32534
7.819598,9.849038,10.70385,75.94301,83.9377,76.55232
5.601788,5.662695,7.9526095,90.313034,90.03887,90.13689
5.338332,5.3576007,7.487873,108.51584,108.32746,94.106064
5.092421,5.480226,4.953287,115.243645,62.808483,118.91201
5.260567,5.359715,8.066227,100.47189,108.195694,101.736015
6.209694,7.2122893,7.239166,95.95197,115.173416,115.41074
4.86511,5.8726125,8.138574,92.35548,90.14101,90.50778
5.024706,5.188339,5.5490904,62.15547,65.50153,62.780853
3.8554993,8.1934805,8.730003,62.78894,89.98685,90.079124
10.151821,7.093534,7.0109854,58.882603,43.459324,44.644306
5.0600567,5.5261106,4.989405,63.35075,118.81426,118.431725
5.731121,5.7428856,8.18981,90.053894,90.01696,90.09372
3.414195,3.4990964,11.767275,92.638596,96.05966,90.14601
4.863172,6.197283,7.706738,73.72313,89.75279,89.68065
3.950739,7.163536,15.18898,93.46361,97.35098,105.967224
5.045389,5.051955,7.5703325,82.76165,70.99813,68.34252
5.032995,5.315623,6.7229605,91.273834,90.81766,90.22412
3.9730873,3.9922578,7.7438107,89.85973,89.82824,89.67442
5.142098,5.1700997,6.006158,106.85053,90.02622,100.021965
4.8368773,8.168565,7.0351977,92.6179,106.549736,88.63253
5.285622,5.6356845,7.673677,106.779236,108.12026,97.31728
5.221577,5.7825475,6.929219,104.35373,109.57332,91.49588
4.1218424,9.4763775,10.369562,104.06282,101.2723,90.24114
5.148286,5.2207594,7.8570676,71.35905,71.4386,81.70016
5.158358,5.3645725,9.043571,73.453156,74.21647,61.51871
5.5997868,6.4247446,6.2030807,103.16999,97.563576,101.03191
4.526822,5.0505576,6.844203,89.60198,89.967285,89.37896
4.126016,5.8375626,12.466374,87.91177,87.68856,87.74905
6.680749,8.162489,8.175239,80.244156,65.91479,65.85099
5.058634,5.1617537,5.7668247,90.02755,106.60475,98.79496
4.641128,5.867231,8.304512,103.344505,99.53566,95.48658
5.7948604,5.8253317,5.783617,59.7889,60.45125,59.83458
5.57983,5.5799503,5.58008,89.99305,89.997375,89.98462
3.321412,5.697052,10.012846,94.6962,99.562355,73.06171
5.8951,5.957272,6.020767,119.5437,119.38735,90.458694
5.203305,5.3550987,7.283997,106.979996,108.3766,98.109055
3.736742,4.7883005,5.2644234,82.634285,88.315636,80.91188
3.7325084,5.143868,7.355078,110.6363,90.0963,68.670715
3.239746,5.2214036,9.802234,82.832466,89.82758,89.878044
4.6321545,8.435863,4.996694,89.906555,90.27253,89.06297
5.5891204,5.6327844,8.474097,70.139206,82.909096,68.41675
5.9170623,5.9159107,5.877928,119.91982,119.8964,89.73753
5.379292,5.536619,7.7242837,89.981735,89.98625,89.55051
5.222353,5.2342687,7.816134,103.63821,108.37758,99.41813
4.84604,6.0471897,6.220887,80.9747,68.56261,66.60665
7.507442,8.467544,9.355133,71.62425,82.09226,67.75148
4.920998,4.9393263,5.5370274,108.81164,108.13215,95.05767
7.073246,8.342935,11.560653,69.10267,73.752884,72.89582
3.830029,5.122982,6.641266,95.21131,105.68559,90.6013
9.464423,3.6378543,5.9007487,90.61116,149.76315,88.85936
5.190172,5.447547,6.708156,89.85625,89.648544,89.966385
5.5984983,6.6377,8.554791,100.56296,70.90563,81.93896
5.813664,6.0913873,6.1381536,100.73311,100.40312,98.79544
5.691921,5.693941,6.95315,114.008514,114.095955,90.13183
5.651008,5.7850323,8.072102,90.00612,90.381874,90.16318
5.518456,5.574393,7.2103815,72.806946,72.53219,72.09666
7.027481,7.221858,9.194541,69.37528,78.37008,75.82687
5.420504,5.592233,9.562093,89.33749,89.91712,86.584885
5.973603,6.0468597,8.544029,90.27072,90.24684,89.99958
6.662275,7.218357,10.793962,99.863594,93.214355,92.464424
5.633261,5.6444173,7.264162,103.98049,103.7611,106.05739
6.5167127,6.92872,6.512052,66.8861,75.268745,76.412865
3.831092,6.5709157,6.6121583,60.584923,87.8151,87.61292
5.7635446,5.765415,5.712836,59.691814,60.508198,90.27433
4.616094,5.531048,7.532196,85.813126,89.221146,89.01056
6.080167,7.6283693,9.12392,113.0241,108.97992,88.88315
5.195447,5.2515836,9.254173,75.13362,73.74078,60.634823
5.782262,5.947918,8.300252,89.895645,90.17671,89.81841
5.113617,5.5039434,8.9768,85.192024,73.26237,117.569885
5.134143,5.737628,5.8496375,119.4244,108.500244,89.725815
5.593264,5.5954313,7.3780584,71.548904,71.65473,70.86346
7.116952,7.174302,7.2919426,91.93479,116.13161,116.90916
6.386424,7.767352,7.864723,83.11789,114.84302,66.658424
4.943732,4.98946,9.612161,75.60316,75.8388,60.865837
7.614956,7.7722673,10.452909,85.16391,87.55492,85.848335
5.518685,5.583033,7.816525,89.79225,89.97646,89.99251
6.767877,7.2323813,11.306118,71.91777,88.417725,63.127594
4.0315704,7.0458493,4.0163107,73.16679,90.01466,106.20259
8.135292,8.257144,10.000047,102.23479,105.651566,97.31511
4.193764,5.7753687,5.8545365,88.52136,88.906296,89.298
5.75329,6.071963,6.1454077,101.32417,99.011,100.0397
4.865971,5.5120697,6.0752797,96.60469,96.1113,98.058846
5.258988,5.5256853,6.214233,73.52602,81.7913,66.66136
5.219168,5.166131,7.7376485,77.87959,104.24011,103.40147
5.3635597,5.76604,9.661281,86.10279,72.535675,116.86396
6.559416,6.575479,6.579726,109.55035,109.49789,109.41175
4.2542763,7.7645793,5.261029,86.72019,113.81046,74.06577
5.090791,5.661191,6.540541,90.55332,90.09979,90.069756
8.072916,10.037469,10.175052,107.72326,97.417816,105.16657
6.405539,6.42175,6.4217277,90.54413,90.6411,90.767365
6.3646894,6.404382,6.576561,99.85718,98.52724,99.58451
5.047175,5.1656003,7.7162294,75.465904,75.809204,81.24603
6.027237,6.2055106,8.577173,89.467766,89.85294,89.91702
5.582954,5.6970735,6.23166,116.936516,115.7994,89.919304
3.983824,4.327035,10.776691,88.648125,87.25237,63.044273
5.243968,5.2524915,6.386442,86.32132,106.789665,111.17334
5.352509,5.4344797,13.342866,89.105,89.253174,61.978523
5.0587444,5.096012,6.1444907,87.77256,86.35407,106.08795
4.753735,7.2111306,7.6029625,111.32998,90.34488,100.43358
5.314281,6.079529,5.746515,117.73609,90.09086,110.28681
5.783285,7.981118,8.976131,105.59871,98.532425,109.43187
5.205313,5.5513625,9.034428,74.62706,90.951355,62.58622
5.499204,7.2537646,7.5778556,102.785225,92.740906,90.09844
6.051633,6.111312,8.600926,90.503784,89.6274,89.70776
5.796401,5.825189,8.206863,89.999985,89.97496,89.98202
